structure,n,position,operation,avg_time_ns,avg_element_moves
DynamicArray,100,begin,insert,7035717,600500
DynamicArray,100,begin,remove,126329,5050
DynamicArray,100,middle,insert,1786229,550500
DynamicArray,100,middle,remove,20594,1325
LinkedList,100,begin,insert,515081,0
LinkedList,100,begin,remove,21156,0
LinkedList,100,middle,insert,1890255,50000
LinkedList,100,middle,remove,22740,3725
DynamicArray,1000,begin,insert,1940622,1500500
DynamicArray,1000,begin,remove,4883904,500500
DynamicArray,1000,middle,insert,1458550,1000500
DynamicArray,1000,middle,remove,1514955,125750
LinkedList,1000,begin,insert,259360,0
LinkedList,1000,begin,remove,91666,0
LinkedList,1000,middle,insert,3425076,500000
LinkedList,1000,middle,remove,2680686,374750
DynamicArray,10000,begin,insert,12464626,10500500
DynamicArray,10000,begin,remove,6585548,9500500
DynamicArray,10000,middle,insert,3135131,5500500
DynamicArray,10000,middle,remove,2281994,4500500
LinkedList,10000,begin,insert,31099,0
LinkedList,10000,begin,remove,11895,0
LinkedList,10000,middle,insert,9690566,5000000
LinkedList,10000,middle,remove,11485673,5000000
DynamicArray,100000,begin,insert,65030936,100500500
DynamicArray,100000,begin,remove,70579266,99500500
DynamicArray,100000,middle,insert,43724244,50500500
DynamicArray,100000,middle,remove,24908267,49500500
LinkedList,100000,begin,insert,60112,0
LinkedList,100000,begin,remove,58610,0
LinkedList,100000,middle,insert,127473283,50000000
LinkedList,100000,middle,remove,99944558,50000000
